exercise_key,family,example_name,block_type,occurrences,youtube_url,start_s,end_s,source,aliases,notes,review_sport,review_context,review_context_required
achilles-tendonitis-eccentric-calf-drops-on-step,achilles-tendonitis-eccentric-calf-drops-on-step,Floor-level controlled Achilles lowering,rehab,,,,,curated,,"Match the exact approved movement, range, resistance and side. No substitutions, automatic progression or symptom/medical advice; preserve the prescribed dose. Video URL pending review.",rehabilitation,"Beside stable support on firm level ground, raise both heels, then transfer weight to the affected leg and slowly lower its heel only to the floor. Do not use a step, lower into deep dorsiflexion, increase depth or add speed or weight. Stop if symptoms worsen during or after the work.",true
achilles-tendonitis-reviewed-restore,achilles-tendonitis-reviewed-restore,Seated Achilles heel movement,rehab,,,,,curated,,"Match the exact approved movement, range, resistance and side. No substitutions, automatic progression or symptom/medical advice; preserve the prescribed dose. Video URL pending review.",rehabilitation,"Sit with the affected foot flat on the floor and the knee bent. Slowly lift the heel within a comfortable pain-free range, then lower it to floor level with the forefoot resting on the floor. Do not add weight, stand on a step, drop below floor level or bounce. This is seated movement, not a strength test or a required isometric-first protocol. Stop if pain or symptoms worsen during or after the movement. This conservative baseline does not establish readiness for resistance or sport.",true
ankle-impingement-reviewed-restore,ankle-impingement-reviewed-restore,Supported comfortable ankle movement,rehab,,,,,curated,,"Match the exact approved movement, range, resistance and side. No substitutions, automatic progression or symptom/medical advice; preserve the prescribed dose. Video URL pending review.",rehabilitation,"Sit with the affected lower leg supported and the foot free to move. Slowly move the ankle a small amount upwards and downwards around a comfortable middle range. Do not force pointing the toes, deep upward bending, a loaded knee-over-toe lunge or a stretch into a pinch. Keep the movement unweighted and controlled; follow any clinician-directed movement restriction. Stop if symptoms worsen during or after the movement. Seek assessment for catching, locking, loss of function, altered sensation, a hot swollen joint or fever.",true
ankle-instability-reviewed-restore,ankle-instability-reviewed-restore,Supported balance on firm ground,rehab,,,,,curated,,"Match the exact approved movement, range, resistance and side. No substitutions, automatic progression or symptom/medical advice; preserve the prescribed dose. Video URL pending review.",rehabilitation,"Only when standing and weight bearing are comfortable, stand beside a stable counter and gently balance on the affected leg on firm, level ground with support available and eyes open. Stop if the ankle gives way or feels unsafe. Do not hop, use a cushion, close your eyes or work to fatigue. Stop if pain, slipping or symptoms worsen during or after the work.",true
ankle-sprain-heel-lowering,ankle-sprain-heel-lowering,Supported heel lowering,rehab,,,,,curated,,"Match the exact approved movement, range, resistance and side. No substitutions, automatic progression or symptom/medical advice; preserve the prescribed dose. Video URL pending review.",rehabilitation,"When weight bearing and gentle calf movement are comfortable, use a stable support and practise controlled heel lowering as shown in the linked ankle rehabilitation guidance. Work at your own pace, up to 2 sets on alternate days. The source gives no repetition target; stop before symptoms worsen.",true
ankle-sprain-supported-balance,ankle-sprain-supported-balance,Supported ankle balance,rehab,,,,,curated,,"Match the exact approved movement, range, resistance and side. No substitutions, automatic progression or symptom/medical advice; preserve the prescribed dose. Video URL pending review.",rehabilitation,"When standing and weight bearing are comfortable, practise balancing on the affected leg on firm ground, close to a stable counter for support. Start with a short comfortable attempt and build gradually. Keep support available; do not use a cushion or close your eyes.",true
biceps-strain-reviewed-restore,biceps-strain-reviewed-restore,Supported elbow bend and straighten for biceps strain,rehab,,,,,curated,,"Match the exact approved movement, range, resistance and side. No substitutions, automatic progression or symptom/medical advice; preserve the prescribed dose. Video URL pending review.",rehabilitation,"Once pain begins to settle, support the affected elbow with your other hand. Slowly bend and straighten the elbow within a comfortable pain-free range. Do not force straightening, carry weights or add curl resistance. Stop if pain or swelling increases. This is gentle movement for an uncomplicated muscle strain, not a tendon tear or repair protocol.",true
biceps-tendonitis-reviewed-restore,biceps-tendonitis-reviewed-restore,Comfortable unloaded elbow movement,rehab,,,,,curated,,"Match the exact approved movement, range, resistance and side. No substitutions, automatic progression or symptom/medical advice; preserve the prescribed dose. Video URL pending review.",rehabilitation,"With the upper arm comfortably by your side, gently bend and straighten the affected elbow within a pain-free range. Keep the shoulder relaxed and the hand empty. Do not stretch the arm behind the body, force forearm rotation, use an incline bench or add resistance. This maintains comfortable arm movement; it does not select a proximal or distal biceps strengthening protocol. Stop if pain or symptoms worsen during or after the movement. This conservative baseline does not establish readiness for resistance or sport.",true
calf-strain-double-leg-calf-raises,calf-strain-double-leg-calf-raises,Supported double-leg calf raise,rehab,,,,,curated,,"Match the exact approved movement, range, resistance and side. No substitutions, automatic progression or symptom/medical advice; preserve the prescribed dose. Video URL pending review.",rehabilitation,"Begin only once pain has settled, you no longer need crutches and you can stand on your toes without pain. Hold a stable chair, share your weight equally over both feet and gently rise onto your toes, then lower slowly. Work at your own pace and stop if painful. Keep both feet on level ground; do not add weight, single-leg work, a step or fatigue progressions.",true
chest-strain-comfortable-movement,chest-strain-comfortable-movement,Comfortable chest-region movement,rehab,,,,,curated,,"Match the exact approved movement, range, resistance and side. No substitutions, automatic progression or symptom/medical advice; preserve the prescribed dose. Video URL pending review.",rehabilitation,"When pain no longer stops movement, gently move your shoulder and arm through a comfortable range. Go at your own pace and stop before pain prevents movement. Avoid forced chest stretches, resisted chest flies and surgical-repair routines.",true
elbow-contusion-gentle-elbow-slides-on-wall,elbow-contusion-gentle-elbow-slides-on-wall,Comfortable unloaded elbow movement,rehab,,,,,curated,,"Match the exact approved movement, range, resistance and side. No substitutions, automatic progression or symptom/medical advice; preserve the prescribed dose. Video URL pending review.",rehabilitation,"Sit with the upper arm relaxed by your side and the hand empty. Slowly bend and straighten the affected elbow through a small comfortable range, stopping short of pain. Do not press on a wall, lean on the bruise, force straightening or add resistance. Follow any clinician movement restriction; this is movement only, not pushing or contact preparation. Stop if symptoms worsen during or after the activity. Seek assessment for increasing or excessive swelling, an expanding lump or hematoma, inability to use or bear weight on the limb, or major loss of function. Seek urgent help for severe pain with tense swelling, compartment syndrome concern, altered sensation, a cold limb or circulation changes, an open wound, or suspected fracture, dislocation or tear. Follow clinician restrictions; CALM or RESTORE is not return-to-contact clearance.",true
elbow-impingement-elbow-cars,elbow-impingement-elbow-cars,Supported comfortable elbow movement,rehab,,,,,curated,,"Match the exact approved movement, range, resistance and side. No substitutions, automatic progression or symptom/medical advice; preserve the prescribed dose. Video URL pending review.",rehabilitation,"Sit with the affected upper arm by your side and the forearm comfortably supported. With the hand empty, slowly bend and straighten the elbow through a small comfortable range. Stop short of a pinch and do not force full straightening, rotate against resistance, perform a large end-range CAR or add weight. Stop and seek assessment for catching, locking or a blocked movement. Stop if symptoms worsen during or after the movement. Seek assessment for catching, locking, loss of function, altered sensation, a hot swollen joint or fever.",true
elbow-sprain-reviewed-restore,elbow-sprain-reviewed-restore,Supported elbow bend and straighten,rehab,,,,,curated,,"Match the exact approved movement, range, resistance and side. No substitutions, automatic progression or symptom/medical advice; preserve the prescribed dose. Video URL pending review.",rehabilitation,"Once pain begins to settle, support the affected elbow with your other hand and slowly bend and straighten it within a comfortable pain-free range. Do not force straightening, carry weights or push through the arm. Follow any clinician-directed movement restrictions. Stop if pain, slipping or symptoms worsen during or after the work.",true
elbow-tendonitis-reviewed-restore,elbow-tendonitis-reviewed-restore,Comfortable unloaded elbow movement,rehab,,,,,curated,,"Match the exact approved movement, range, resistance and side. No substitutions, automatic progression or symptom/medical advice; preserve the prescribed dose. Video URL pending review.",rehabilitation,"Keep the affected upper arm comfortably by your side and slowly bend and straighten the elbow within a pain-free range with the hand empty. Do not force end range, squeeze a ball, perform wrist curls or add resistance. A red, hot or swollen elbow needs assessment before exercise. This baseline does not diagnose lateral, medial or posterior tendon involvement. Stop if pain or symptoms worsen during or after the movement. This conservative baseline does not establish readiness for resistance or sport.",true
elbow-tendonitis-supported-hand-weight-wrist-extension,elbow-tendonitis-supported-hand-weight-wrist-extension,Supported hand-weight wrist extension,rehab,,,,,curated,,"Match the exact approved movement, range, resistance and side. No substitutions, automatic progression or symptom/medical advice; preserve the prescribed dose. Video URL pending review.",rehabilitation,"Support the affected forearm palm-down on a table with the wrist free to move. With the hand empty, raise the wrist in the comfortable range assessed by your clinician, then slowly lower over five seconds. Keep the forearm supported. No dumbbell, band, forceful grip, forced end range, speed or automatic increase. Stop if symptoms worsen during or after the work.",true
fingers-contusion-reviewed-restore,fingers-contusion-reviewed-restore,Unloaded comfortable finger movement,rehab,,,,,curated,,"Match the exact approved movement, range, resistance and side. No substitutions, automatic progression or symptom/medical advice; preserve the prescribed dose. Video URL pending review.",rehabilitation,"Keep the hand relaxed and gently bend and straighten the affected fingers through a small comfortable range. Do not make a forceful fist, pull the fingers with the other hand, tap a pad or grip an object. Follow individual protection and movement restrictions and stop if the movement provokes the bruised fingers. Stop if symptoms worsen during or after the activity. Seek assessment for increasing or excessive swelling, an expanding lump or hematoma, inability to use or bear weight on the limb, or major loss of function. Seek urgent help for severe pain with tense swelling, compartment syndrome concern, altered sensation, a cold limb or circulation changes, an open wound, or suspected fracture, dislocation or tear. Follow clinician restrictions; CALM or RESTORE is not return-to-contact clearance.",true
fingers-sprain-reviewed-restore,fingers-sprain-reviewed-restore,Gentle finger bend and straighten,rehab,,,,,curated,,"Match the exact approved movement, range, resistance and side. No substitutions, automatic progression or symptom/medical advice; preserve the prescribed dose. Video URL pending review.",rehabilitation,"Support the affected hand and gently bend and straighten the injured finger within a comfortable pain-free range. Do not push it with the other hand, pull against a band, tap forcefully or add grip resistance. Follow any clinician-directed protection; do not bend a joint that you have been instructed to keep splinted straight. Stop if pain, slipping or symptoms worsen during or after the work.",true
fingers-tendonitis-reviewed-restore,fingers-tendonitis-reviewed-restore,Comfortable unloaded finger movement,rehab,,,,,curated,,"Match the exact approved movement, range, resistance and side. No substitutions, automatic progression or symptom/medical advice; preserve the prescribed dose. Video URL pending review.",rehabilitation,"Support the affected hand with the wrist comfortable. Gently bend and straighten the injured finger within a small pain-free range, then relax. Do not force a locked finger, pull it with the other hand, use putty or squeeze a ball. Stop if the finger catches or locks; follow any clinician-directed splint restrictions. Stop if pain or symptoms worsen during or after the movement. This conservative baseline does not establish readiness for resistance or sport.",true
forearm-tendonitis-reviewed-restore,forearm-tendonitis-reviewed-restore,Supported unloaded wrist movement,rehab,,,,,curated,,"Match the exact approved movement, range, resistance and side. No substitutions, automatic progression or symptom/medical advice; preserve the prescribed dose. Video URL pending review.",rehabilitation,"Sit with the affected forearm supported on a table and the hand relaxed. Gently bend and straighten the wrist within a small comfortable pain-free range. Do not grip tightly, force a stretch or add a weight or band. This maintains comfortable movement without choosing a flexor or extensor strengthening protocol. Stop if pain or symptoms worsen during or after the movement. This conservative baseline does not establish readiness for resistance or sport.",true
groin-strain-side-lying-hip-adduction,groin-strain-side-lying-hip-adduction,Unresisted side-lying hip adduction,rehab,,,,,curated,,"Match the exact approved movement, range, resistance and side. No substitutions, automatic progression or symptom/medical advice; preserve the prescribed dose. Video URL pending review.",rehabilitation,"Once symptoms have settled enough for comfortable movement, lie on the affected side with the upper leg supported out of the way. Slowly lift and lower the lower leg through a small comfortable range. Keep the work pain-free and self-paced. Stop if groin pain increases during or after the work. Do not add ankle weights, cables, fast repetitions or fatigue work.",true
hamstrings-strain-isometric-hamstring-bridge,hamstrings-strain-isometric-hamstring-bridge,Bent-knee double-leg hamstring bridge,rehab,,,,,curated,,"Match the exact approved movement, range, resistance and side. No substitutions, automatic progression or symptom/medical advice; preserve the prescribed dose. Video URL pending review.",rehabilitation,"When comfortable movement is possible, lie on your back with both knees bent and feet supported close to your hips. Gently lift into a double-leg bridge and hold briefly at a comfortable height, then lower. Keep the work pain-free and self-paced. Do not walk the feet out, straighten the knees, add resistance or work to fatigue.",true
hand-contusion-reviewed-restore,hand-contusion-reviewed-restore,Unloaded comfortable hand opening and closing,rehab,,,,,curated,,"Match the exact approved movement, range, resistance and side. No substitutions, automatic progression or symptom/medical advice; preserve the prescribed dose. Video URL pending review.",rehabilitation,"With the forearm comfortably supported without pressure on the bruise, gently open and close the affected hand through a small comfortable range. Keep the hand empty; do not squeeze a ball, clench tightly, push fingers with the other hand or massage the bruised tissue. Stop if movement worsens symptoms and follow individual movement restrictions. Stop if symptoms worsen during or after the activity. Seek assessment for increasing or excessive swelling, an expanding lump or hematoma, inability to use or bear weight on the limb, or major loss of function. Seek urgent help for severe pain with tense swelling, compartment syndrome concern, altered sensation, a cold limb or circulation changes, an open wound, or suspected fracture, dislocation or tear. Follow clinician restrictions; CALM or RESTORE is not return-to-contact clearance.",true
hand-sprain-reviewed-restore,hand-sprain-reviewed-restore,Gentle hand opening and closing,rehab,,,,,curated,,"Match the exact approved movement, range, resistance and side. No substitutions, automatic progression or symptom/medical advice; preserve the prescribed dose. Video URL pending review.",rehabilitation,"With the forearm supported and wrist comfortable, gently open the affected hand and bend the fingers into a loose fist, then straighten them within a pain-free range. Do not squeeze tightly, use a ball or band, force stiff joints or add impact. Follow any splint or tendon-protection instructions from your clinician. Stop if pain, slipping or symptoms worsen during or after the work.",true
hand-tendonitis-reviewed-restore,hand-tendonitis-reviewed-restore,Comfortable unloaded hand tendon glide,rehab,,,,,curated,,"Match the exact approved movement, range, resistance and side. No substitutions, automatic progression or symptom/medical advice; preserve the prescribed dose. Video URL pending review.",rehabilitation,"Support the affected hand with the wrist comfortable. Start with the fingers straight, gently bend the middle and end joints into a small hook while keeping the knuckles straight, then return. Stay within a comfortable pain-free range; do not force a fist, squeeze a ball or add putty, bands or grip resistance. Stop if a finger catches or locks; follow any clinician-directed splint restrictions. Stop if pain or symptoms worsen during or after the movement. This conservative baseline does not establish readiness for resistance or sport.",true
hip-impingement-90-90-hip-switches,hip-impingement-90-90-hip-switches,Supported small-range hip rotation,rehab,,,,,curated,,"Match the exact approved movement, range, resistance and side. No substitutions, automatic progression or symptom/medical advice; preserve the prescribed dose. Video URL pending review.",rehabilitation,"Lie on your back with the affected knee comfortably bent and the foot resting on the surface. Slowly let the knee move a small amount outwards, then return to the starting position within a pain-free range. Keep the pelvis supported. Do not cross the knee inward, pull it towards the chest, force a deep rotation position or add a band. This replaces the extreme seated hip-switch positions with protected rotation. Stop if symptoms worsen during or after the movement. Seek assessment for catching, locking, loss of function, altered sensation, a hot swollen joint or fever.",true
knee-instability-reviewed-restore,knee-instability-reviewed-restore,Supported knee heel slide,rehab,,,,,curated,,"Match the exact approved movement, range, resistance and side. No substitutions, automatic progression or symptom/medical advice; preserve the prescribed dose. Video URL pending review.",rehabilitation,"Sit or lie with the affected leg supported on a smooth surface. Gently slide the heel towards you to bend the knee, then slide back to straighten within a comfortable pain-free range. Do not force movement, stand on an unstable surface or add resistance. Stop and seek assessment if the knee locks, repeatedly gives way or cannot bear weight. Stop if pain, slipping or symptoms worsen during or after the work.",true
lower-back-pain-supine-pelvic-tilts,lower-back-pain-supine-pelvic-tilts,Comfortable supine pelvic tilt,rehab,,,,,curated,,"Match the exact approved movement, range, resistance and side. No substitutions, automatic progression or symptom/medical advice; preserve the prescribed dose. Video URL pending review.",rehabilitation,"Lie on your back with knees bent and feet resting on the floor. Gently tilt the pelvis to flatten the lower back slightly, then return slowly to neutral. Keep movement small and comfortable, breathe normally, and do not force an arch or hold tension. Follow clinician restrictions. Stop if activity makes symptoms worse or causes new symptoms. Seek assessment for persistent or worsening symptoms or reduced everyday function. Get urgent help for major trauma, deformity, inability to use or bear weight, marked or increasing swelling, a hot/red joint, fever or feeling unwell, locking/giving way, altered sensation, progressive weakness or circulation changes. This guidance does not identify the cause, establish healing or provide contact clearance.",true
neck-stiffness-neck-cars-controlled-articular-rotations,neck-stiffness-neck-cars-controlled-articular-rotations,Comfortable seated neck rotation,rehab,,,,,curated,,"Match the exact approved movement, range, resistance and side. No substitutions, automatic progression or symptom/medical advice; preserve the prescribed dose. Video URL pending review.",rehabilitation,"Sit upright with shoulders relaxed. Slowly turn the head a small comfortable amount to one side, then return to the middle. Use unassisted movement only; no neck circles, forced range, resistance, traction or sustained stretch. Follow clinician restrictions. Stop if activity makes symptoms worse or causes new symptoms. Seek assessment for persistent or worsening symptoms or reduced everyday function. Get urgent help for major trauma, deformity, inability to use or bear weight, marked or increasing swelling, a hot/red joint, fever or feeling unwell, locking/giving way, altered sensation, progressive weakness or circulation changes. This guidance does not identify the cause, establish healing or provide contact clearance.",true
quads-strain-reviewed-restore,quads-strain-reviewed-restore,Supported knee movement with towel,rehab,,,,,curated,,"Match the exact approved movement, range, resistance and side. No substitutions, automatic progression or symptom/medical advice; preserve the prescribed dose. Video URL pending review.",rehabilitation,"When pain no longer prevents comfortable movement, sit with your foot supported on a towel on a smooth floor. Gently slide the foot to bend and straighten the affected knee within a pain-free range. Keep the movement slow and self-paced. Do not force knee flexion, add resistance or increase speed. Stop if movement becomes painful or symptoms worsen.",true
shoulder-contusion-passive-arm-hang-trap-bar-support,shoulder-contusion-passive-arm-hang-trap-bar-support,Supported unweighted shoulder pendulum,rehab,,,,,curated,,"Match the exact approved movement, range, resistance and side. No substitutions, automatic progression or symptom/medical advice; preserve the prescribed dose. Video URL pending review.",rehabilitation,"Stand beside a stable support and lean slightly forwards with the uninjured hand supporting you. Let the affected arm hang relaxed, then gently allow a small slow forward-and-back pendulum movement within a comfortable range. Keep the hand empty; do not hang from a bar, pull the shoulder, swing forcefully, add weight or force range. Follow any clinician movement restriction and stop if this provokes the bruised shoulder. Stop if symptoms worsen during or after the activity. Seek assessment for increasing or excessive swelling, an expanding lump or hematoma, inability to use or bear weight on the limb, or major loss of function. Seek urgent help for severe pain with tense swelling, compartment syndrome concern, altered sensation, a cold limb or circulation changes, an open wound, or suspected fracture, dislocation or tear. Follow clinician restrictions; CALM or RESTORE is not return-to-contact clearance.",true
shoulder-impingement-scapular-wall-slides-with-chin-tuck,shoulder-impingement-scapular-wall-slides-with-chin-tuck,Supported comfortable shoulder wall slide,rehab,,,,,curated,,"Match the exact approved movement, range, resistance and side. No substitutions, automatic progression or symptom/medical advice; preserve the prescribed dose. Video URL pending review.",rehabilitation,"Stand facing a smooth wall with a cloth under the affected hand. Gently slide the hand upwards only through a comfortable range no higher than shoulder level, then return. Do not lean body weight heavily into the arm, force a painful arc, add resistance or lift overhead. Keep the neck comfortable; no forced chin tuck or posture correction is required. Stop if symptoms worsen during or after the movement. Seek assessment for catching, locking, loss of function, altered sensation, a hot swollen joint or fever.",true
shoulder-instability-reviewed-restore,shoulder-instability-reviewed-restore,Gentle shoulder blade setting,rehab,,,,,curated,,"Match the exact approved movement, range, resistance and side. No substitutions, automatic progression or symptom/medical advice; preserve the prescribed dose. Video URL pending review.",rehabilitation,"Sit supported with the affected arm relaxed by your side. Gently draw the shoulder blade back and down without forcing the shoulder into end range, then relax. Keep the movement small and comfortable. Stop if the joint feels as though it is slipping. Do not add weights, overhead work or stretching. Suspected dislocation or subluxation needs medical assessment. Stop if pain, slipping or symptoms worsen during or after the work.",true
shoulder-sprain-reviewed-restore,shoulder-sprain-reviewed-restore,Supported shoulder pendulum,rehab,,,,,curated,,"Match the exact approved movement, range, resistance and side. No substitutions, automatic progression or symptom/medical advice; preserve the prescribed dose. Video URL pending review.",rehabilitation,"Lean forward with your uninjured hand on a stable support and let the affected arm hang relaxed. Allow small gentle forward-and-back and side-to-side swings within a comfortable pain-free range. Do not force overhead movement, add weights or perform presses. Follow any individual restrictions given by your clinician. Stop if pain, slipping or symptoms worsen during or after the work.",true
shoulder-strain-reviewed-restore,shoulder-strain-reviewed-restore,Supported shoulder pendulum,rehab,,,,,curated,,"Match the exact approved movement, range, resistance and side. No substitutions, automatic progression or symptom/medical advice; preserve the prescribed dose. Video URL pending review.",rehabilitation,"Lean forward with your uninjured hand on a stable support and let the affected arm hang relaxed. Gently allow small, comfortable forward-and-back and side-to-side swings. Keep the movement pain-free. Do not add weights, force the range or perform presses. Stop if symptoms worsen. Follow any individual movement restrictions given by your treating clinician.",true
shoulder-tendonitis-reviewed-restore,shoulder-tendonitis-reviewed-restore,Comfortable unloaded shoulder rotation,rehab,,,,,curated,,"Match the exact approved movement, range, resistance and side. No substitutions, automatic progression or symptom/medical advice; preserve the prescribed dose. Video URL pending review.",rehabilitation,"Sit upright with the affected elbow comfortably bent and tucked by your side. Gently turn the forearm outwards within a small comfortable pain-free range, then return. Keep the upper arm by your side; do not force rotation, raise the arm overhead or add a weight or band. Stop if pain or symptoms worsen during or after the movement. This conservative baseline does not establish readiness for resistance or sport.",true
toe-sprain-reviewed-restore,toe-sprain-reviewed-restore,Comfortable seated toe movement,rehab,,,,,curated,,"Match the exact approved movement, range, resistance and side. No substitutions, automatic progression or symptom/medical advice; preserve the prescribed dose. Video URL pending review.",rehabilitation,"When pain no longer stops comfortable movement, sit with the foot supported and gently bend and straighten the affected toe within a small pain-free range. Do not pull the toe into a stretch, push off through it, hop or add resistance. Follow any clinician-directed protection; a deformed toe or inability to move it needs assessment. Stop if pain, slipping or symptoms worsen during or after the work.",true
triceps-strain-reviewed-restore,triceps-strain-reviewed-restore,Supported elbow bend and straighten for triceps strain,rehab,,,,,curated,,"Match the exact approved movement, range, resistance and side. No substitutions, automatic progression or symptom/medical advice; preserve the prescribed dose. Video URL pending review.",rehabilitation,"Once pain begins to settle, support the affected elbow with your other hand. Slowly bend and straighten the elbow within a comfortable pain-free range. Do not force the elbow straight, push against a wall or add resistance. Stop if pain or swelling increases. This is gentle movement for an uncomplicated muscle strain, not a tendon tear or repair protocol.",true
wrist-contusion-wrist-flexion-extension-passes,wrist-contusion-wrist-flexion-extension-passes,Supported unloaded wrist movement,rehab,,,,,curated,,"Match the exact approved movement, range, resistance and side. No substitutions, automatic progression or symptom/medical advice; preserve the prescribed dose. Video URL pending review.",rehabilitation,"Support the forearm on a table with the hand relaxed and free to move beyond the edge. Slowly move the wrist a small amount upwards and downwards within a comfortable non-provoking range. Keep the hand empty and do not grip, stretch with the other hand, press on the bruise or add resistance. Follow individual splint and movement restrictions. Stop if symptoms worsen during or after the activity. Seek assessment for increasing or excessive swelling, an expanding lump or hematoma, inability to use or bear weight on the limb, or major loss of function. Seek urgent help for severe pain with tense swelling, compartment syndrome concern, altered sensation, a cold limb or circulation changes, an open wound, or suspected fracture, dislocation or tear. Follow clinician restrictions; CALM or RESTORE is not return-to-contact clearance.",true
wrist-sprain-reviewed-restore,wrist-sprain-reviewed-restore,Supported wrist bend and straighten,rehab,,,,,curated,,"Match the exact approved movement, range, resistance and side. No substitutions, automatic progression or symptom/medical advice; preserve the prescribed dose. Video URL pending review.",rehabilitation,"Rest the affected forearm on a table with the hand relaxed. Slowly bend and straighten the wrist within a comfortable pain-free range. Do not force end range, grip a weight or push through the hand. Follow any clinician-directed splint or movement restrictions. Stop if pain, slipping or symptoms worsen during or after the work.",true
wrist-stiffness-stick-roll-wrist-flex-ext,wrist-stiffness-stick-roll-wrist-flex-ext,Supported unloaded wrist movement,rehab,,,,,curated,,"Match the exact approved movement, range, resistance and side. No substitutions, automatic progression or symptom/medical advice; preserve the prescribed dose. Video URL pending review.",rehabilitation,"Support the forearm on a table with the empty relaxed hand free beyond the edge. Gently move the wrist a small comfortable amount upwards and downwards. No stick, grip, weight, resistance, forced stretch or pressure through the hand. Follow clinician restrictions. Stop if activity makes symptoms worse or causes new symptoms. Seek assessment for persistent or worsening symptoms or reduced everyday function. Get urgent help for major trauma, deformity, inability to use or bear weight, marked or increasing swelling, a hot/red joint, fever or feeling unwell, locking/giving way, altered sensation, progressive weakness or circulation changes. This guidance does not identify the cause, establish healing or provide contact clearance.",true
wrist-tendonitis-pronation-supination-twists,wrist-tendonitis-pronation-supination-twists,Supported unresisted forearm turn,rehab,,,,,curated,,"Match the exact approved movement, range, resistance and side. No substitutions, automatic progression or symptom/medical advice; preserve the prescribed dose. Video URL pending review.",rehabilitation,"Sit with the affected elbow by your side and the forearm comfortably supported. With the hand empty and wrist relaxed, slowly turn the palm upwards and downwards within a small pain-free range. Do not force twisting, hold a weight, add a band or use rapid pulses. Follow any clinician-directed splint or movement restriction. Stop if pain or symptoms worsen during or after the movement. This conservative baseline does not establish readiness for resistance or sport.",true
